Client_fName,Client_lName,C_phoneNum,email,C_street_address,C_city,C_zipcode,creditCardNum,cardExpiration,cardCode,Employee_fName,Employee_lName,E_phoneNum,E_street_address,E_city,E_zipcode,HairColor,NextAppointment,ServiceID
Warren,David,001-204-794-0487x285,thomascarlson@hotmail.com,0076 Yates Rue Suite 102,Gomezside,32108,4571434776410534,09/21,267,Jennifer,Key,+1-144-132-6048x276,7120 Simon Center,South Christopherbury,61139,Lavender,1980-04-26,83041358
Sabrina,Ruiz,(579)515-1523,nadams@gmail.com,417 Miller Mountains,Royport,69930,30092059357807,08/28,453,Kenneth,Sanchez,786-389-0085,58219 Darrell Tunnel,East Stephaniechester,10347,AntiqueWhite,2006-03-31,17460798
Lauren,King,001-348-511-1801,armstrongderrick@yahoo.com,852 Frederick Island,Lake Linda,91115,213194061037937,03/23,687,Holly,Zimmerman,854.440.8348,08435 Michael Mountains Suite 042,West Michael,21713,MediumVioletRed,1982-02-14,77966483
Kim,Allen,+1-559-242-5766x996,jennifermack@marks.com,350 Chapman Ways,East Joeton,98330,4626527089849663,03/28,676,Edward,Roth,964-505-9399x189,574 Phillips Rapid,Murilloburgh,28928,MidnightBlue,1993-06-09,50507221
Dominique,Mueller,459.686.5106x46587,nicolecunningham@jones.com,2991 Shawn Parkway Apt. 825,Kathrynberg,46125,6011909909320257,01/23,1714,Elizabeth,Zhang,452-803-8954,4104 Alexander Gardens Suite 436,North Samuelbury,96052,Sienna,1993-01-10,42236801
Toni,Willis,(126)004-5639x02792,rebecca59@hotmail.com,964 Mcguire Fork Suite 580,West Tina,22772,4397102590623,05/27,4828,Lauren,Roberson,294.865.7689x92984,0528 Joshua Throughway Suite 237,Lake Karen,10947,Orchid,1987-11-28,10692387
Rebecca,Hughes,213-473-8550x48946,emilycampbell@christensen.info,943 Isaiah Walks Suite 294,North Robertfurt,45359,371152703995514,05/25,820,Pamela,King,9682616697,40746 Isaac Vista Apt. 203,Jonesfurt,69467,LightCyan,1983-07-03,82578800
Mark,Bailey,784.858.6044x280,kathrynsummers@hotmail.com,628 Williams Summit Apt. 504,South Josephfort,19030,4665300259153,09/24,633,Jennifer,Taylor,+1-613-539-9488x468,5579 Christine Mission Suite 422,North Jillberg,30620,SpringGreen,2004-04-26,23521131
Randy,Watson,+1-543-127-5973x546,fcasey@bennett.net,3222 Garcia Stravenue Apt. 447,Lake Zachary,11537,5189884918479204,09/27,104,John,Hunt,001-416-416-0421x86018,302 Hall Heights Apt. 538,Erinfurt,29881,NavajoWhite,2002-11-24,49431001
John,Moss,540-470-3794x62925,josewest@waters.org,70118 Melissa Trail Suite 917,Mccarthytown,27878,30202642341255,12/26,699,Kristina,Murphy,682-244-7630x0776,383 Ryan Route Suite 432,Kristinbury,26017,Khaki,1989-07-19,60916358
Michael,Young,001-170-289-8307x05183,richardmeyers@gmail.com,305 Mcintosh Square,West Drew,26309,30380850480609,02/26,481,Lisa,Gates,001-195-470-0390x23137,506 Gregory Glens,South Richardburgh,45435,DarkSeaGreen,1978-06-30,63703566
Joseph,Hernandez,+1-120-895-0607x5563,ashley96@ford.info,12734 Wilson Skyway,Marthaland,78933,30107510074948,03/20,508,Hunter,Daniels,034-187-2133x673,1413 Jennifer Landing,Deanfort,09336,DarkGray,1985-02-07,77985644
Patrick,York,321.501.3169,afisher@graham-chen.biz,76956 Pope Centers,Oliviaview,16389,4516285747427652,05/23,155,Douglas,Cook,(532)941-2385,774 Barrera Lock Suite 796,New Brandonborough,81801,LemonChiffon,2009-02-12,62398909
Colin,Barton,215-682-7786x31159,lcarr@hamilton.com,3117 Pacheco Estate,Johnland,28458,3549873505107419,02/28,557,Joshua,Hale,2415389429,770 Schmidt Ramp,Port Thomasstad,26811,Aqua,1993-08-02,86708661
Loretta,Solis,+1-186-910-1100x60215,shellylogan@livingston.org,09211 Jill Forest,Clarkport,79218,6011087819124182,06/22,356,Vickie,Stuart,417.274.4669,68703 Gregory Rapids Apt. 388,East Evan,50605,SlateGray,1990-02-23,32943344
Tina,Montgomery,877-943-4660x3589,billydavis@yahoo.com,741 Rice Isle Apt. 825,Stephanieport,90494,4652273903854889,11/27,7441,Jay,Rose,(425)071-2569,47125 Copeland Squares,South Jennifer,08835,Fuchsia,1973-08-02,68329594
Melody,Cooper,8939075026,gcunningham@thompson-guerra.net,7884 Robin Mountain Suite 782,East Kathytown,70555,3562199309154072,03/23,165,Brittany,Oconnor,167.499.3781x567,1921 Richmond Key,Deborahhaven,92176,PeachPuff,1977-03-11,36362738
Cheryl,Escobar,(862)844-5746x960,sarahbishop@jones-chavez.biz,58776 Jennifer Loaf Apt. 976,Meghanport,34554,6011813417043148,11/21,102,Kimberly,Mooney,(842)540-9051x98376,578 Clarke Estates,Robertburgh,34085,BlanchedAlmond,2006-06-18,26045337
David,Morris,(312)601-1966,mtaylor@smith.com,118 Katie Plain,Port Julia,07869,6011498952319838,07/19,097,Alyssa,Farley,001-775-914-9042x943,335 White Common Apt. 498,Port Brittanyville,28864,HotPink,2000-05-19,39591647
Raymond,Shah,(430)206-1671x15844,xlawrence@gmail.com,8734 Suzanne Mountain Suite 659,West Tyler,34605,4843841326442878,09/24,866,Jacob,Berry,(893)282-2186x498,89141 Dylan Lodge Apt. 137,Port Timothy,60834,Navy,1975-06-17,99668648
Robert,Taylor,411.518.1703x42193,megan02@cooper.com,261 Monroe Via Suite 357,New Nicholas,53006,213140293545254,03/28,189,Logan,Williams,(316)679-9117x27874,3597 Christopher Club Apt. 272,Wintersfurt,74419,AntiqueWhite,1980-07-15,27254226
Jessica,Roberts,9586972935,zacharycox@gmail.com,835 Taylor Stravenue,Jamestown,31722,4324668792823614,04/25,816,Kendra,Simmons,001-144-596-1491x962,555 Jason Mission Suite 303,Johnsonfurt,61632,Azure,1995-08-29,39810922
Cory,Merritt,889-756-0223x722,evan07@hotmail.com,9812 Brittany Creek Suite 342,Wallerstad,61312,5244329386291163,05/26,394,Brooke,Scott,+1-266-755-7643,88310 Kelli Branch Apt. 658,Port Kylie,66783,SteelBlue,1990-05-07,04778615
Ann,Hicks,(551)319-3280,jeremy70@patterson-winters.com,128 Drew Union Apt. 800,Buchananhaven,91137,3578865782008975,08/21,5701,Jared,Atkinson,+1-290-397-0014x60101,03782 Mills Crest,Jamesbury,50962,DarkBlue,1990-03-24,33099453
Rodney,Walker,0840226004,fowlerisaac@stewart.com,453 Dillon Forks,Kimland,66986,4193433204723714022,07/26,9536,Krystal,Hall,323-872-9826,2719 James Rest Suite 635,Lake Sherri,80536,DeepSkyBlue,1981-01-16,69405259
Sheri,Welch,274.984.9541x805,brookschristopher@watson-sullivan.net,20327 Anderson Gardens,Porterhaven,98732,4644524403441853,11/28,450,Suzanne,Rogers,515-072-7848,8380 Harris Brooks Suite 240,Scottfort,73584,SeaShell,2001-03-13,43735662
Justin,Thomas,755-930-9140x178,nicole46@gmail.com,875 Taylor Turnpike Suite 606,East Michael,19264,213125848782338,09/23,003,Todd,Booth,(803)115-5879,0176 Charles Highway Suite 557,Lake Jocelynfort,28493,Peru,1970-10-24,47002579
Tyler,Odonnell,+1-634-646-9912x6622,kristinewing@yahoo.com,2196 Castro Pines,Nelsonhaven,36935,6565378723961748,04/27,485,Brenda,Hoover,039-277-0481x473,466 Perry Forge,Marcusborough,53308,LawnGreen,1971-12-30,19175157
Corey,Johnston,001-185-471-6342x4742,rrose@reese.info,910 Adams Harbors Suite 074,Robertstad,36270,30372754238720,05/22,324,Lisa,Long,001-026-614-2159x877,7826 Charles Run,Salazarport,81166,BlanchedAlmond,1992-08-06,61758797
Taylor,Harris,(747)615-1518,hyang@morse-mitchell.com,82504 Sherry Harbor Suite 178,Lake Michaelfurt,05078,4187895396563,10/21,151,Donna,Chan,001-040-804-4016x42039,861 Cantu Stravenue Apt. 879,Cynthiaborough,07778,DarkCyan,2008-04-12,20536473
